"","X","text","favorited","favoriteCount","replyToSN","created","truncated","replyToSID","id","replyToUID","statusSource","screenName","retweetCount","isRetweet","retweeted","longitude","latitude"
"1",1,"its not love but it’s pretty close",FALSE,0,NA,"2019-05-09 16:44:47",FALSE,NA,1126528453027565568,NA,"<a href=""http://twitter.com/download/iphone"" rel=""nofollow"">Twitter for iPhone</a>","jaquisierassss",0,FALSE,FALSE,NA,NA
"9",9,"Daily Dudley - Episode #50 - I made it to 50! Struggling with Patience

I am half way to my goal of 100 consecutive… https://t.co/ZuCVWajH6Z",FALSE,0,NA,"2019-05-09 15:34:34",TRUE,NA,1126510781447540736,NA,"<a href=""http://instagram.com"" rel=""nofollow"">Instagram</a>","Steve_G_Dudley",0,FALSE,FALSE,-105.0156,39.6126
"14",14,"In the seventh episode “Not all men” the number 1015 appears on a post it note “call Dr. Romero 10:15” #1015… https://t.co/z8lU6VEwfw",FALSE,1,NA,"2019-05-09 14:53:26",TRUE,NA,1126500429825601536,NA,"<a href=""http://twitter.com/download/iphone"" rel=""nofollow"">Twitter for iPhone</a>","gordoneaton",0,FALSE,FALSE,NA,NA
"20",20,"@matthewamiller Matt, how an you be soooo STUPID",FALSE,0,"matthewamiller","2019-05-09 13:56:26",FALSE,1126093317433962496,1126486084462866432,55948054,"<a href=""http://twitter.com/download/iphone"" rel=""nofollow"">Twitter for iPhone</a>","DendirectDenny",0,FALSE,FALSE,NA,NA
"22",22,"Waylon Jennings - Loving Her Was Easier https://t.co/6L7nDeTQSw via @YouTube",FALSE,0,NA,"2019-05-09 13:11:42",FALSE,NA,1126474827609456640,NA,"<a href=""http://twitter.com/download/iphone"" rel=""nofollow"">Twitter for iPhone</a>","justind2474",0,FALSE,FALSE,NA,NA
"25",25,"@AaRunTheWorld Welcome back!",FALSE,0,"AaRunTheWorld","2019-05-09 10:28:32",FALSE,1126427646923952128,1126433767428542464,2606837596,"<a href=""http://twitter.com/download/iphone"" rel=""nofollow"">Twitter for iPhone</a>","TimBond",0,FALSE,FALSE,NA,NA
"28",28,"this is the cutest thing i’ve ever seen https://t.co/3tX4uNLdCX",FALSE,2,NA,"2019-05-09 08:28:04",FALSE,NA,1126403449170432000,NA,"<a href=""http://twitter.com/download/iphone"" rel=""nofollow"">Twitter for iPhone</a>","itsgracemrich",0,FALSE,FALSE,NA,NA
"29",29,"I see you @lanochka_95 <ed><U+00A0><U+00BD><ed><U+00B1><U+0080> https://t.co/SloKjtz6Rq",FALSE,0,NA,"2019-05-09 07:59:57",FALSE,NA,1126396374533066752,NA,"<a href=""http://twitter.com/download/iphone"" rel=""nofollow"">Twitter for iPhone</a>","cheyley19",0,FALSE,FALSE,NA,NA
"33",33,"Actual quote from HOA board member concerning height of our tree house, ""18 ft is about the height of an adult gira… https://t.co/WhXqIejjQg",FALSE,1,NA,"2019-05-09 05:26:08",TRUE,NA,1126357665397919744,NA,"<a href=""http://twitter.com/download/android"" rel=""nofollow"">Twitter for Android</a>","StrusJuice",0,FALSE,FALSE,NA,NA
"35",35,"@skippr72 You didn’t tag @DrPimplePopper",FALSE,0,"skippr72","2019-05-09 05:07:48",FALSE,1126339864977297408,1126353048429719552,336824198,"<a href=""http://twitter.com/download/iphone"" rel=""nofollow"">Twitter for iPhone</a>","NattyMat18",0,FALSE,FALSE,NA,NA
"36",36,"@BidnessG How would one take away gangster guns specifically? Specifically how would you state that in a propsed bi… https://t.co/nuCfT6CXk6",FALSE,0,"BidnessG","2019-05-09 05:04:39",TRUE,1125970832138874880,1126352257279119360,1125841665741283328,"<a href=""http://twitter.com/download/android"" rel=""nofollow"">Twitter for Android</a>","StrusJuice",0,FALSE,FALSE,NA,NA
"38",38,"@charliekirk11 This is rich (no pun intended), especially the part where you are concerned about keeping our govern… https://t.co/I0nSH69ZGg",FALSE,0,"charliekirk11","2019-05-09 04:52:42",TRUE,1126172833187373056,1126349248746799104,292929271,"<a href=""http://twitter.com/download/android"" rel=""nofollow"">Twitter for Android</a>","StrusJuice",0,FALSE,FALSE,NA,NA
"40",40,"@PMNax2 @jessesingal @benshapiro Bears and cougars too, but if a moose chases you, try to stand between trees where… https://t.co/YnTr1gck9x",FALSE,0,"StrusJuice","2019-05-09 04:49:30",TRUE,1126347815498555392,1126348444770062336,1856184216,"<a href=""http://twitter.com/download/android"" rel=""nofollow"">Twitter for Android</a>","StrusJuice",0,FALSE,FALSE,NA,NA
"41",41,"@PMNax2 @jessesingal @benshapiro Actually there is pretty good scientific evidence that you should resist the urge… https://t.co/G2nZNbBPtk",FALSE,0,"PMNax2","2019-05-09 04:47:00",TRUE,1126242218065506304,1126347815498555392,212410062,"<a href=""http://twitter.com/download/android"" rel=""nofollow"">Twitter for Android</a>","StrusJuice",0,FALSE,FALSE,NA,NA
"45",45,"AVS ELIMINATED FROM THE PLAYOFFS https://t.co/AmVtfObzNW",FALSE,2,NA,"2019-05-09 03:38:09",FALSE,NA,1126330491026599936,NA,"<a href=""http://twitter.com/download/iphone"" rel=""nofollow"">Twitter for iPhone</a>","madylinmedley",0,FALSE,FALSE,NA,NA
"48",48,"Hey @Whataburger this Aggie deserves some free goodies for the free publicity! #alsoweneedyouinDenver https://t.co/ShGjGRJnvH",FALSE,0,NA,"2019-05-09 03:18:48",FALSE,NA,1126325617593442304,NA,"<a href=""http://twitter.com/download/iphone"" rel=""nofollow"">Twitter for iPhone</a>","cdechillo",0,FALSE,FALSE,NA,NA
"49",49,"I’m more angry about this than when @WholeFoods moves the humus to a different section and offers way too many sele… https://t.co/SI6F2Zczwl",FALSE,0,NA,"2019-05-09 03:10:14",TRUE,NA,1126323462283284480,NA,"<a href=""http://twitter.com/download/iphone"" rel=""nofollow"">Twitter for iPhone</a>","rayelizlas",0,FALSE,FALSE,NA,NA
"50",50,"@mcrKirei @Puddzee_ But they spent soooo much on Ghost CGI!?",FALSE,1,"mcrKirei","2019-05-09 03:06:09",FALSE,1126143922143498240,1126322437782687744,1945769838,"<a href=""http://twitter.com/download/iphone"" rel=""nofollow"">Twitter for iPhone</a>","mrbjaydubya",0,FALSE,FALSE,NA,NA
"51",51,"@mcrKirei https://t.co/DNg9p2kk4u",FALSE,1,"mcrKirei","2019-05-09 03:04:29",FALSE,1126175365682974720,1126322015646945280,1945769838,"<a href=""http://twitter.com/download/iphone"" rel=""nofollow"">Twitter for iPhone</a>","mrbjaydubya",0,FALSE,FALSE,NA,NA
"52",52,"@heatherfofo Duuuuuude.  Me ow.",FALSE,1,"heatherfofo","2019-05-09 02:56:19",FALSE,1126318410797920256,1126319962489065472,2388045032,"<a href=""http://twitter.com/download/iphone"" rel=""nofollow"">Twitter for iPhone</a>","mrbjaydubya",0,FALSE,FALSE,NA,NA
"54",54,"I need somebody who can put lotion on the parts of my back that I cannot reach",FALSE,0,NA,"2019-05-09 02:47:19",FALSE,NA,1126317695119478784,NA,"<a href=""http://twitter.com/download/iphone"" rel=""nofollow"">Twitter for iPhone</a>","co_hunny",0,FALSE,FALSE,NA,NA
"55",55,"I’m thinking of becoming a one issue voter... #GunControl #NotOneMore #HIghlandsRanchShooting  #WearOrange June 7 https://t.co/W3a5Ur9wZQ",FALSE,0,NA,"2019-05-09 02:43:20",FALSE,NA,1.126316695642e+18,NA,"<a href=""http://twitter.com/download/iphone"" rel=""nofollow"">Twitter for iPhone</a>","DavidafromVegas",0,FALSE,FALSE,NA,NA
"56",56,"I am NOT ready for @Avalanche hockey to be over. Step it up boys! #GoAvsGo",FALSE,0,NA,"2019-05-09 02:32:17",FALSE,NA,1126313913639772160,NA,"<a href=""http://twitter.com/download/iphone"" rel=""nofollow"">Twitter for iPhone</a>","snoslicer8",0,FALSE,FALSE,NA,NA
"57",57,"@PierceBerringer https://t.co/wtFttaWk28",FALSE,4,"PierceBerringer","2019-05-09 02:30:46",FALSE,NA,1126313529802231808,2270710556,"<a href=""http://twitter.com/download/iphone"" rel=""nofollow"">Twitter for iPhone</a>","quinnspiracy_",0,FALSE,FALSE,NA,NA
"61",61,"@1RickLewis first words out of my sons mouth,when I was reunited with him, “Mom, Kendrick saved my life”. spent the… https://t.co/RXJsSHe2qf",FALSE,15,"1RickLewis","2019-05-09 01:44:16",TRUE,1126297584648089600,1126301828574896128,38671613,"<a href=""http://twitter.com/download/iphone"" rel=""nofollow"">Twitter for iPhone</a>","kakutulas",0,FALSE,FALSE,NA,NA
"62",62,"@GuyOnABuffaloCU @richardterry85 @FC_Denver Who do the Rovers hate? Do they have a top firm?",FALSE,0,"GuyOnABuffaloCU","2019-05-09 01:43:59",FALSE,1126301027798519808,1126301759662542848,37779986,"<a href=""http://twitter.com/download/iphone"" rel=""nofollow"">Twitter for iPhone</a>","MCFCinMileHigh",0,FALSE,FALSE,NA,NA
"63",63,"Johnson is literally the worst!!!!!!!",FALSE,4,NA,"2019-05-09 01:33:00",FALSE,NA,1126298995867865088,NA,"<a href=""http://twitter.com/download/iphone"" rel=""nofollow"">Twitter for iPhone</a>","BrookieMontano",0,FALSE,FALSE,NA,NA
"64",64,"@heylizelle @LizelleAndCo Yeah, what happened to that “chill pill”?",FALSE,2,"heylizelle","2019-05-09 01:31:18",FALSE,1126298154150825984,1126298568044662784,745751808,"<a href=""http://twitter.com/download/iphone"" rel=""nofollow"">Twitter for iPhone</a>","Brad_aka_BT",0,FALSE,FALSE,NA,NA
"66",66,"@richardterry85 @FC_Denver I like the AC Legends that’s the club I picked...hope im not a glory hunter",FALSE,1,"richardterry85","2019-05-09 01:18:18",FALSE,1126293723669643264,1126295293949906944,64559204,"<a href=""http://twitter.com/download/iphone"" rel=""nofollow"">Twitter for iPhone</a>","MCFCinMileHigh",0,FALSE,FALSE,NA,NA
"68",68,"@richardterry85 @FC_Denver Are you an FC Denver supporter?",FALSE,0,"richardterry85","2019-05-09 01:10:46",FALSE,1126293272488316928,1126293400582377472,64559204,"<a href=""http://twitter.com/download/iphone"" rel=""nofollow"">Twitter for iPhone</a>","MCFCinMileHigh",0,FALSE,FALSE,NA,NA
"71",71,"@hilaryynathalyy @Nadida17 Yas queeeen, dance battle !",FALSE,1,"hilaryynathalyy","2019-05-09 00:45:21",FALSE,1126274264401838080,1126287003543228416,515029915,"<a href=""http://twitter.com/download/iphone"" rel=""nofollow"">Twitter for iPhone</a>","ashlychristine5",0,FALSE,FALSE,NA,NA
"74",74,"@denverpost He was.",FALSE,0,"denverpost","2019-05-09 00:32:02",FALSE,1126215735532036096,1126283650230673408,8216772,"<a href=""http://twitter.com/download/iphone"" rel=""nofollow"">Twitter for iPhone</a>","kakutulas",0,FALSE,FALSE,NA,NA
"75",75,"@SoniaReports The first words out of my sons mouth when we were reunited was  “mom, Kendrick saved my life”. I knew… https://t.co/pj5j4vT65u",FALSE,43,"SoniaReports","2019-05-09 00:31:14",TRUE,1126220069527334912,1126283448270802944,3290195919,"<a href=""http://twitter.com/download/iphone"" rel=""nofollow"">Twitter for iPhone</a>","kakutulas",7,FALSE,FALSE,NA,NA
"76",76,"I’m not getting married or anything, i’m just curious... where would you go on a honeymoon",FALSE,0,NA,"2019-05-09 00:26:40",FALSE,NA,1126282299211784192,NA,"<a href=""http://twitter.com/download/iphone"" rel=""nofollow"">Twitter for iPhone</a>","co_hunny",0,FALSE,FALSE,NA,NA
"84",84,"@wfryer Absolutely. And thank you for your kindness.",FALSE,1,"wfryer","2019-05-08 22:56:59",FALSE,1126253351564398592,1126259731687821312,7095342,"<a href=""http://tapbots.com/tweetbot"" rel=""nofollow"">Tweetbot for i<U+039F>S</a>","bhwilkoff",0,FALSE,FALSE,NA,NA
"85",85,"@lesliemaniotes The bear making was essential, and they made it a special experience for us. Extra time and extra h… https://t.co/C5mN5BIPwm",FALSE,4,"lesliemaniotes","2019-05-08 22:56:19",TRUE,1126254320553549824,1126259563416567808,18031980,"<a href=""http://tapbots.com/tweetbot"" rel=""nofollow"">Tweetbot for i<U+039F>S</a>","bhwilkoff",0,FALSE,FALSE,NA,NA
"94",94,"I meant what I said when I left California I was leaving the toxic bull shit behind with it so leave me alone :)",FALSE,0,NA,"2019-05-08 20:42:18",FALSE,NA,1126225836078534656,NA,"<a href=""http://twitter.com/download/iphone"" rel=""nofollow"">Twitter for iPhone</a>","co_hunny",0,FALSE,FALSE,NA,NA
"95",95,"The amazing team @highlands_ranch Northridge Rec center that dropped all they were doing to give everything to the… https://t.co/ndjI1QdmZ4",FALSE,33,NA,"2019-05-08 20:36:43",TRUE,NA,1126224433415368704,NA,"<a href=""http://twitter.com/download/iphone"" rel=""nofollow"">Twitter for iPhone</a>","CSP_ESU",5,FALSE,FALSE,NA,NA
"102",102,"Oh ma gawwwwd @Nadida17 @hilaryynathalyy https://t.co/By8bVXL1vF",FALSE,2,NA,"2019-05-08 19:09:49",FALSE,NA,1126202561009053696,NA,"<a href=""http://twitter.com/download/iphone"" rel=""nofollow"">Twitter for iPhone</a>","ashlychristine5",0,FALSE,FALSE,NA,NA
"106",106,"@TraffordBloor31 @PattyArquette @Diego4Change @PatsyResists If you are not willing to protect your safety, why shou… https://t.co/XB3EQGhvXF",FALSE,0,"TraffordBloor31","2019-05-08 18:54:40",TRUE,1126188470567952384,1126198749313806336,772086431200186368,"<a href=""http://twitter.com/download/iphone"" rel=""nofollow"">Twitter for iPhone</a>","BryanGermain",0,FALSE,FALSE,NA,NA
"108",108,"My dad likes to call my ex “the busy man” because of how many times he flaked on me <ed><U+00A0><U+00BC><ed><U+00BC><U+009A><ed><U+00A0><U+00BC><ed><U+00BC><U+009A><ed><U+00A0><U+00BC><ed><U+00BC><U+009A> https://t.co/MZU0Di8ARU",FALSE,1,NA,"2019-05-08 18:47:45",FALSE,NA,1126197011718369280,NA,"<a href=""http://twitter.com/download/iphone"" rel=""nofollow"">Twitter for iPhone</a>","jaquisierassss",0,FALSE,FALSE,NA,NA
"112",112,"Cherrelyn Healthcare Center is hiring in #Littleton, CO! Read about our latest #Nursing job opening via the link in… https://t.co/plWPGzn9zk",FALSE,0,NA,"2019-05-08 18:30:23",TRUE,NA,1126192640637018112,NA,"<a href=""https://www.careerarc.com"" rel=""nofollow"">CareerArc 2.0</a>","tmj_den_nursing",0,FALSE,FALSE,-105.0076193,39.6135287
"114",114,"May God bless your precious Heroic Soul #KendrickCastillo #HERO <U+2764><ed><U+00A0><U+00BD><ed><U+00B0><U+00BC><ed><U+00A0><U+00BD><ed><U+00B2><U+009B> @ STEM School Highlands Ranch https://t.co/iPDWEFCSLt",FALSE,0,NA,"2019-05-08 18:06:41",FALSE,NA,1126186673245761536,NA,"<a href=""http://instagram.com"" rel=""nofollow"">Instagram</a>","Wiilde",0,FALSE,FALSE,-104.99776,39.55585
"120",120,"@RootsReloaded Lmaooo",FALSE,1,"RootsReloaded","2019-05-08 16:43:22",FALSE,1125863665813446656,1126165706972614656,1040338471729094656,"<a href=""http://twitter.com/download/iphone"" rel=""nofollow"">Twitter for iPhone</a>","AlijandroKream",0,FALSE,FALSE,NA,NA
"127",127,"YAAAAAAS JONAS BROTHERS HERE WE COME <ed><U+00A0><U+00BD><ed><U+00B8><U+008D><ed><U+00A0><U+00BD><ed><U+00B8><U+008D> https://t.co/iviHj7Tg2h",FALSE,1,NA,"2019-05-08 15:19:32",FALSE,NA,1126144610693144576,NA,"<a href=""http://twitter.com/download/iphone"" rel=""nofollow"">Twitter for iPhone</a>","ashlychristine5",2,FALSE,FALSE,NA,NA
"131",131,"@replouiegohmert 
LOOOUUUIIIEEE!!!!
Well said, sir. This is gross abuse of power on the part of @JerryNadler and hi… https://t.co/dl9UAjAJEd",FALSE,0,"replouiegohmert","2019-05-08 15:05:33",TRUE,NA,1126141090405335040,22055226,"<a href=""http://twitter.com/download/iphone"" rel=""nofollow"">Twitter for iPhone</a>","jasonfrat1",0,FALSE,FALSE,NA,NA
"134",134,"Our hearts are heavy <ed><U+00A0><U+00BD><ed><U+00B2><U+0094>
During times like these, we must stand together and support each other and our community. 
P… https://t.co/EMXmbD0tiB",FALSE,0,NA,"2019-05-08 14:35:42",TRUE,NA,1126133581267517440,NA,"<a href=""http://instagram.com"" rel=""nofollow"">Instagram</a>","kavasutrakava",0,FALSE,FALSE,-104.99776,39.55585
"139",139,"@Courtkneexo @Griz I remember that!",FALSE,0,"Courtkneexo","2019-05-08 14:12:30",FALSE,1125100249842946048,1126127739407294464,337995168,"<a href=""http://twitter.com/download/iphone"" rel=""nofollow"">Twitter for iPhone</a>","Les_Jo",0,FALSE,FALSE,NA,NA
"149",149,"No notoriety for the criminals who shoot up our schools! Thank you #DouglasCountyDAD for saying what we’ve all been… https://t.co/rGiQHKaNBE",FALSE,1,NA,"2019-05-08 12:13:34",TRUE,NA,1126097811907309568,NA,"<a href=""http://twitter.com/download/iphone"" rel=""nofollow"">Twitter for iPhone</a>","JillSandbergCO",0,FALSE,FALSE,NA,NA
"152",152,"#occfellowship #hipdysplasia",FALSE,0,"presleyswannMD","2019-05-08 11:27:29",FALSE,1126085029384212480,1126086211171262464,701569186250633216,"<a href=""http://twitter.com/download/iphone"" rel=""nofollow"">Twitter for iPhone</a>","presleyswannMD",0,FALSE,FALSE,NA,NA
"153",153,"https://t.co/oEcz888sip",FALSE,4,NA,"2019-05-08 11:22:47",FALSE,NA,1126085029384212480,NA,"<a href=""http://twitter.com/download/iphone"" rel=""nofollow"">Twitter for iPhone</a>","presleyswannMD",0,FALSE,FALSE,NA,NA
"156",156,"Just before our 11 pm newscast, a trio of teens placed a bouquet of flowers &amp; 2 candles in front of STEM School Hig… https://t.co/KU8WlGuKbC",FALSE,0,NA,"2019-05-08 07:30:08",TRUE,NA,1126026482713632768,NA,"<a href=""http://twitter.com/download/iphone"" rel=""nofollow"">Twitter for iPhone</a>","greg_nieto",0,FALSE,FALSE,NA,NA
"187",187,"still into u",FALSE,1,NA,"2019-05-08 05:53:08",FALSE,NA,1126002069171609600,NA,"<a href=""http://twitter.com/download/iphone"" rel=""nofollow"">Twitter for iPhone</a>","jaquisierassss",0,FALSE,FALSE,NA,NA
"189",189,"@AngelineDC @MissingKids @OfficialLivePD @LivePDNation How sad <ed><U+00A0><U+00BD><ed><U+00B8><U+009E><ed><U+00A0><U+00BD><ed><U+00B8><U+00A2><ed><U+00A0><U+00BD><ed><U+00B8><U+00AD><ed><U+00A0><U+00BD><ed><U+00B9><U+008F><ed><U+00A0><U+00BC><ed><U+00BF><U+00BC>",FALSE,0,"AngelineDC","2019-05-08 05:51:04",FALSE,1.125718266369e+18,1.126001549015e+18,353519711,"<a href=""http://twitter.com/download/iphone"" rel=""nofollow"">Twitter for iPhone</a>","jenny_brenny377",0,FALSE,FALSE,NA,NA
"196",196,"@BtcAndres aun tienes el pronostico de BTC a $2k en Julio no? estoy esperando para volver a entrar.....",FALSE,0,"BtcAndres","2019-05-08 05:44:23",FALSE,NA,1125999867690725376,888936810029645824,"<a href=""http://twitter.com/download/android"" rel=""nofollow"">Twitter for Android</a>","FaresEtc",0,FALSE,FALSE,NA,NA
"230",230,"@jhuntingtonn You have to see me first bitchhh",FALSE,0,"jhuntingtonn","2019-05-08 04:21:50",FALSE,1125792387035320320,1125979096549212160,947901636877287424,"<a href=""http://twitter.com/download/iphone"" rel=""nofollow"">Twitter for iPhone</a>","co_hunny",0,FALSE,FALSE,NA,NA
"231",231,"As a former School Administrator, I wish times like this on no one !!!! We have to fix this! https://t.co/ddxgP4ftqB",FALSE,3,NA,"2019-05-08 04:03:35",FALSE,NA,1125974503710814208,NA,"<a href=""http://twitter.com/download/iphone"" rel=""nofollow"">Twitter for iPhone</a>","fernandobranch",0,FALSE,FALSE,NA,NA
"233",233,"@BidnessG This is a fallacy. Get specific. Democrats do not want to take away everyone's guns. They want solutions… https://t.co/HG4uKAeLCA",FALSE,0,"BidnessG","2019-05-08 03:46:59",TRUE,1125946293388480512,1125970323122208768,1125841665741283328,"<a href=""http://twitter.com/download/android"" rel=""nofollow"">Twitter for Android</a>","StrusJuice",0,FALSE,FALSE,NA,NA
"235",235,"Good stuff, Maynard. https://t.co/7dP3IOftv1",FALSE,0,NA,"2019-05-08 03:42:08",FALSE,NA,1125969102445481984,NA,"<a href=""http://twitter.com/download/iphone"" rel=""nofollow"">Twitter for iPhone</a>","jasonfrat1",0,FALSE,FALSE,NA,NA
"237",237,"“You want a whore, buy one. You want a Queen, earn her” <ed><U+00A0><U+00BD><ed><U+00B1><U+0091>",FALSE,0,NA,"2019-05-08 03:19:26",FALSE,NA,1125963392479481856,NA,"<a href=""http://twitter.com/download/iphone"" rel=""nofollow"">Twitter for iPhone</a>","co_hunny",0,FALSE,FALSE,NA,NA
"239",239,"Concerned parents waiting to be reunited with their children inside the Northridge Rec center this afternoon.… https://t.co/LxLDWDtFLu",FALSE,10,NA,"2019-05-08 03:09:14",TRUE,NA,1125960822713225216,NA,"<a href=""http://twitter.com/download/iphone"" rel=""nofollow"">Twitter for iPhone</a>","TomMustin",3,FALSE,FALSE,NA,NA
"243",243,".@ahswarriors girls soccer advances to the second round of the 5A state tournament after their 3-0 win over… https://t.co/C6jBNCZzeK",FALSE,1,NA,"2019-05-08 02:40:47",TRUE,NA,1125953664747577344,NA,"<a href=""http://twitter.com/download/iphone"" rel=""nofollow"">Twitter for iPhone</a>","AdamHothersall",1,FALSE,FALSE,NA,NA
"246",246,"@ericswalwell I gave him another $100 today. And there are many people like me out there. Let’s put him in the deba… https://t.co/SLX89WHE1F",FALSE,1,"ericswalwell","2019-05-08 02:22:45",TRUE,1125452166611836928,1125949128083673088,377609596,"<a href=""http://twitter.com/download/iphone"" rel=""nofollow"">Twitter for iPhone</a>","holmesinco",0,FALSE,FALSE,NA,NA
"247",247,"@BidnessG Which rights are you losing?",FALSE,0,"BidnessG","2019-05-08 02:10:23",FALSE,1125943200491933696,1125946015809298432,1125841665741283328,"<a href=""http://twitter.com/download/android"" rel=""nofollow"">Twitter for Android</a>","StrusJuice",0,FALSE,FALSE,NA,NA
"248",248,"@MCFCDenver @Holt_Collin I ran down the hall yelling in my office...not even joking",FALSE,1,"MCFCDenver","2019-05-08 02:03:51",FALSE,1125937812329512960,1125944371172466688,502130860,"<a href=""http://twitter.com/download/iphone"" rel=""nofollow"">Twitter for iPhone</a>","MCFCinMileHigh",0,FALSE,FALSE,NA,NA
"251",251,"The onus of safety for our children and our communities falls upon us. We the people can figure out a solution that… https://t.co/DY9NAtYokh",FALSE,2,NA,"2019-05-08 01:56:21",TRUE,NA,1125942483324506112,NA,"<a href=""http://twitter.com/download/iphone"" rel=""nofollow"">Twitter for iPhone</a>","gordoneaton",0,FALSE,FALSE,NA,NA
"253",253,"@NadineNardine @SenCoryGardner I’m just not at a point mentally to talk politics I just want to mourn and think abo… https://t.co/w5i4TOJ3IB",FALSE,0,"NadineNardine","2019-05-08 01:55:55",TRUE,1125937527439876096,1125942375405084672,833728731504013312,"<a href=""http://twitter.com/download/iphone"" rel=""nofollow"">Twitter for iPhone</a>","MCFCinMileHigh",0,FALSE,FALSE,NA,NA
"259",259,"@thegoodgodabove @JerryFalwellJr Party of family values.",FALSE,6,"thegoodgodabove","2019-05-08 01:51:11",FALSE,1125921195822583808,1125941183555833856,368196789,"<a href=""http://twitter.com/download/iphone"" rel=""nofollow"">Twitter for iPhone</a>","ortonra3000",0,FALSE,FALSE,NA,NA
"274",274,"@cityzenpodcast Probably if we should or shouldn’t bring @C1audioBravo back into the team for the FA cup final",FALSE,1,"cityzenpodcast","2019-05-08 01:36:14",FALSE,1125937160945848320,1125937419264479232,786765484440096768,"<a href=""http://twitter.com/download/iphone"" rel=""nofollow"">Twitter for iPhone</a>","MCFCinMileHigh",0,FALSE,FALSE,NA,NA
"279",279,"Stigmatized Property in the US Posted
https://t.co/TWHbm1O7hx",FALSE,0,NA,"2019-05-08 01:31:42",FALSE,NA,1125936280745926656,NA,"<a href=""http://www.oshimaland.co.jp/"" rel=""nofollow"">Oshimaland</a>","Oshimaland",0,FALSE,FALSE,-104.99795528,39.55516125
"280",280,"@GuyOnABuffaloCU @VincentKompany <ed><U+00A0><U+00BD><ed><U+00B9><U+008F><ed><U+00A0><U+00BC><ed><U+00BF><U+00BB><ed><U+00A0><U+00BD><ed><U+00B9><U+008F><ed><U+00A0><U+00BC><ed><U+00BF><U+00BB><ed><U+00A0><U+00BD><ed><U+00B9><U+008F><ed><U+00A0><U+00BC><ed><U+00BF><U+00BB>for your dad",FALSE,1,"GuyOnABuffaloCU","2019-05-08 01:31:41",FALSE,1125845523783532544,1125936273703690240,37779986,"<a href=""http://twitter.com/download/iphone"" rel=""nofollow"">Twitter for iPhone</a>","MCFCinMileHigh",0,FALSE,FALSE,NA,NA
"282",282,"@GovofCO Thank you governor Polis we all mourn together",FALSE,0,"GovofCO","2019-05-08 01:30:56",FALSE,1125868230566760448,1125936086050459648,728344273620344832,"<a href=""http://twitter.com/download/iphone"" rel=""nofollow"">Twitter for iPhone</a>","MCFCinMileHigh",0,FALSE,FALSE,NA,NA
"283",283,"@SenCoryGardner We all mourn together",FALSE,0,"SenCoryGardner","2019-05-08 01:30:14",FALSE,1125927731961782272,1125935908476162048,235217558,"<a href=""http://twitter.com/download/iphone"" rel=""nofollow"">Twitter for iPhone</a>","MCFCinMileHigh",0,FALSE,FALSE,NA,NA
"314",314,"@CBurleyESPN @ChadAldis @ESPNFC @espn @DanThomasESPN I’m sure you guys slide in some Man United gossip in somewhere… https://t.co/G684C8HbIT",FALSE,0,"CBurleyESPN","2019-05-08 01:09:53",TRUE,1125926945189978112,1125930789537964032,2190715834,"<a href=""http://twitter.com/download/iphone"" rel=""nofollow"">Twitter for iPhone</a>","MCFCinMileHigh",0,FALSE,FALSE,NA,NA
"319",319,"@Griffieo45 @southstands303 I doubt angles care about your second amendment rights. Just saying. Colin isn’t suppor… https://t.co/JbcfgPIMuX",FALSE,0,"Griffieo45","2019-05-08 01:07:18",TRUE,1125928667811647488,1125930137109721088,890709647291596800,"<a href=""http://twitter.com/download/iphone"" rel=""nofollow"">Twitter for iPhone</a>","PJintheMileHigh",0,FALSE,FALSE,NA,NA
"331",331,"@Griffieo45 @southstands303 You lost me at 2nd amendment, as any but does",FALSE,0,"Griffieo45","2019-05-08 00:35:48",FALSE,1125917015280111616,1125922212328787968,890709647291596800,"<a href=""http://twitter.com/download/iphone"" rel=""nofollow"">Twitter for iPhone</a>","PJintheMileHigh",0,FALSE,FALSE,NA,NA
"332",332,"@Griffieo45 @southstands303 Dude. No. I’m not reading your tweets or putting you into a group. Your opinion in mean… https://t.co/EXCE7EjMuV",FALSE,0,"Griffieo45","2019-05-08 00:35:19",TRUE,1125917736251600896,1125922089154764800,890709647291596800,"<a href=""http://twitter.com/download/iphone"" rel=""nofollow"">Twitter for iPhone</a>","PJintheMileHigh",0,FALSE,FALSE,NA,NA
"344",344,"@Griffieo45 @southstands303 NRA or mentally ill, are you a supporter of making it easier to get guns and ammunition… https://t.co/pcunocBaUE",FALSE,0,"Griffieo45","2019-05-07 23:53:36",TRUE,1125909244853747712,1125911591562633216,890709647291596800,"<a href=""http://twitter.com/download/iphone"" rel=""nofollow"">Twitter for iPhone</a>","PJintheMileHigh",0,FALSE,FALSE,NA,NA
"345",345,"@MCFCDenver @WAFCNathan We have bad ones as well like @ESPNFC that just posts Man Utd gossip everyday",FALSE,1,"MCFCDenver","2019-05-07 23:53:22",FALSE,1125905698502664192,1125911531076476928,502130860,"<a href=""http://twitter.com/download/iphone"" rel=""nofollow"">Twitter for iPhone</a>","MCFCinMileHigh",0,FALSE,FALSE,NA,NA
"346",346,"@Kun16i Not the time for this debate, I’m happy to have it but not now",FALSE,0,"Kun16i","2019-05-07 23:42:03",FALSE,1125908237541416960,1125908685891309568,907701158864723968,"<a href=""http://twitter.com/download/iphone"" rel=""nofollow"">Twitter for iPhone</a>","MCFCinMileHigh",0,FALSE,FALSE,NA,NA
"347",347,"DougCo Sheriff won’t confirm or deny a fatality in this school shooting. We saw this white tent and red tape on sid… https://t.co/yXGsHSSpHe",FALSE,2,NA,"2019-05-07 23:40:42",TRUE,NA,1125908344605237248,NA,"<a href=""http://twitter.com/download/iphone"" rel=""nofollow"">Twitter for iPhone</a>","MikeKonopasek",4,FALSE,FALSE,NA,NA
"348",348,"@EdersonRole 7 in critical condition as of now and the suspect is detained",FALSE,1,"EdersonRole","2019-05-07 23:39:53",FALSE,1125907838457528320,1125908139616813056,2898192665,"<a href=""http://twitter.com/download/iphone"" rel=""nofollow"">Twitter for iPhone</a>","MCFCinMileHigh",0,FALSE,FALSE,NA,NA
"349",349,"@Kun16i This is happening in my community, please be sensitive",FALSE,0,"Kun16i","2019-05-07 23:39:24",FALSE,1125907437406519296,1125908019420614656,907701158864723968,"<a href=""http://twitter.com/download/iphone"" rel=""nofollow"">Twitter for iPhone</a>","MCFCinMileHigh",0,FALSE,FALSE,NA,NA
"350",350,"@EdersonRole Just awful, I can’t even imagine what that would feel like as a parent",FALSE,1,"EdersonRole","2019-05-07 23:35:05",FALSE,1.125906510348e+18,1125906930419912704,2898192665,"<a href=""http://twitter.com/download/iphone"" rel=""nofollow"">Twitter for iPhone</a>","MCFCinMileHigh",0,FALSE,FALSE,NA,NA
"353",353,"A Flight for Life helicopter racing four miles south to a school shooting. Our school on lockout. This has to stop.… https://t.co/gtT3PYEaH9",FALSE,1,NA,"2019-05-07 23:23:57",TRUE,NA,1125904130612940800,NA,"<a href=""http://twitter.com/download/android"" rel=""nofollow"">Twitter for Android</a>","hockeyhawkmom",0,FALSE,FALSE,NA,NA
"356",356,"I was so mad today I almost cried because I can’t remember the last time I had a reason to be so mad. I’m fine now <ed><U+00A0><U+00BD><ed><U+00B9><U+0083>",FALSE,0,NA,"2019-05-07 22:59:07",FALSE,NA,1125897878969282560,NA,"<a href=""http://twitter.com/download/iphone"" rel=""nofollow"">Twitter for iPhone</a>","co_hunny",0,FALSE,FALSE,NA,NA
"357",357,"When you’ve waited 5 months for spring football and the weather drives you into the classroom. https://t.co/MIO67xwZIN",FALSE,4,NA,"2019-05-07 22:41:50",FALSE,NA,1125893531212623872,NA,"<a href=""http://twitter.com/download/iphone"" rel=""nofollow"">Twitter for iPhone</a>","BrittGusmus",0,FALSE,FALSE,NA,NA
"360",360,"Can someone tell me how many school shootings we’ve had in Colorado since Columbine?",FALSE,0,"W_A_Hastings","2019-05-07 22:35:43",FALSE,1125890999568424960,1125891990585921536,422311202,"<a href=""http://twitter.com/#!/download/ipad"" rel=""nofollow"">Twitter for iPad</a>","W_A_Hastings",0,FALSE,FALSE,NA,NA
"361",361,"Bill Hastings @W_A_Hastings",FALSE,0,NA,"2019-05-07 22:31:46",FALSE,NA,1125890999568424960,NA,"<a href=""http://twitter.com/#!/download/ipad"" rel=""nofollow"">Twitter for iPad</a>","W_A_Hastings",0,FALSE,FALSE,NA,NA
"362",362,"#Louder!  – <U+266B>Close Friends by Lil Baby, from #SoundHound with LiveLyrics® https://t.co/PIn2CVqiVy",FALSE,0,NA,"2019-05-07 22:29:37",FALSE,NA,1125890458180149248,NA,"<a href=""http://soundhound.com/"" rel=""nofollow"">SoundHound</a>","Naestopaz",0,FALSE,FALSE,NA,NA
"364",364,"Just drove past the parent reunification center on my way to get my own kids from a nearby school. My prayers for t… https://t.co/VJRox7Raoy",FALSE,9,NA,"2019-05-07 22:26:11",TRUE,NA,1125889594220617728,NA,"<a href=""http://twitter.com/download/iphone"" rel=""nofollow"">Twitter for iPhone</a>","HJ_WDWRWS",2,FALSE,FALSE,NA,NA
"365",365,"@southstands303 same, and nothing will be done to stop this madness",FALSE,1,"southstands303","2019-05-07 22:24:47",FALSE,1125883598039539712,1125889238405226496,69059687,"<a href=""http://twitter.com"" rel=""nofollow"">Twitter Web Client</a>","psicorp_co",0,FALSE,FALSE,NA,NA
"367",367,"finally was able to pick my daughter up after school lockdown another shooting at another school in our neighborhoo… https://t.co/VaFDWwrkoD",FALSE,0,NA,"2019-05-07 22:13:31",TRUE,NA,1125886405199089664,NA,"<a href=""http://twitter.com/download/android"" rel=""nofollow"">Twitter for Android</a>","auntybc",0,FALSE,FALSE,NA,NA
"368",368,"Damn my little cousin is at the school with an active shooter. They are transporting the kids out and it’s pouring… https://t.co/8FulNrprGl",FALSE,0,NA,"2019-05-07 22:09:04",TRUE,NA,1125885284430704640,NA,"<a href=""http://twitter.com/download/iphone"" rel=""nofollow"">Twitter for iPhone</a>","meechelle_lee",0,FALSE,FALSE,NA,NA
"369",369,"God I think I just fuckin came to this https://t.co/TX7hMW9p7u",FALSE,1,NA,"2019-05-07 22:08:14",FALSE,NA,1125885076473110528,NA,"<a href=""http://twitter.com/download/iphone"" rel=""nofollow"">Twitter for iPhone</a>","sentientmoons",0,FALSE,FALSE,NA,NA
"372",372,"A rare occurrence https://t.co/HH4dnphLRC",FALSE,6,NA,"2019-05-07 22:05:53",FALSE,NA,1125884482811097088,NA,"<a href=""http://twitter.com/download/iphone"" rel=""nofollow"">Twitter for iPhone</a>","_steebz",0,FALSE,FALSE,NA,NA
"375",375,"Don't be shy. Score a job like ""Janitor-2"" at Cherrelyn Healthcare Center by asking for referrals. It's a great way… https://t.co/M58iYxFkNl",FALSE,0,NA,"2019-05-07 22:00:35",TRUE,NA,1125883151010525184,NA,"<a href=""https://www.careerarc.com"" rel=""nofollow"">CareerArc 2.0</a>","tmj_den_labor",0,FALSE,FALSE,-105.0076193,39.6135287
"377",377,"Closed due to police situation in #HighlandsRanch on Plz Dr Both EB/WB between Lucent Boulevard and S Broadway #COtraffic",FALSE,0,NA,"2019-05-07 21:51:52",FALSE,NA,1125880956487983104,NA,"<a href=""http://www.sigalert.com/Map.asp?region=Denver"" rel=""nofollow"">TTN DEN traffic</a>","TotalTrafficDEN",0,FALSE,FALSE,-105.008,39.55571
"381",381,"@jaredpolis @SenatorBennet @SenCoryGardner FIX THIS. Please.",FALSE,0,"jaredpolis","2019-05-07 21:44:52",FALSE,NA,1125879193215041536,15361570,"<a href=""http://twitter.com/download/iphone"" rel=""nofollow"">Twitter for iPhone</a>","snoslicer8",0,FALSE,FALSE,NA,NA
"387",387,"A few minutes after 2pm, @dcsheriff reported shots fired at @stemschoolHR, a K-12 school in Highlands Ranch. Dougla… https://t.co/CRiQb2R7wc",FALSE,358,NA,"2019-05-07 21:31:08",TRUE,NA,1125875739469991936,NA,"<a href=""http://twitter.com/download/iphone"" rel=""nofollow"">Twitter for iPhone</a>","LoriLizarraga",299,FALSE,FALSE,NA,NA
"393",393,"NEW: 7, maybe 8 injuries at STEM school, deputies say #DouglasCounty https://t.co/l6gO03jKEB",FALSE,461,NA,"2019-05-07 21:26:19",FALSE,NA,1125874526468878336,NA,"<a href=""http://twitter.com/download/iphone"" rel=""nofollow"">Twitter for iPhone</a>","MikeKonopasek",428,FALSE,FALSE,NA,NA
"398",398,"@smishychat What the hell does this have to do with that. You’re a disgrace. Smh.",FALSE,0,"smishychat","2019-05-07 21:18:53",FALSE,1125871675923243008,1125872656731885568,115401198,"<a href=""http://twitter.com/download/iphone"" rel=""nofollow"">Twitter for iPhone</a>","BenSully26",0,FALSE,FALSE,NA,NA
"400",400,"Pray for Denver everyone",FALSE,1,NA,"2019-05-07 21:08:24",FALSE,NA,1125870017424252928,NA,"<a href=""http://twitter.com/download/iphone"" rel=""nofollow"">Twitter for iPhone</a>","meechelle_lee",0,FALSE,FALSE,NA,NA
"402",402,"My son’s school now on lockout for the second time in as many weeks. This is the new normal <ed><U+00A0><U+00BD><ed><U+00B8><U+009E>...",FALSE,2,NA,"2019-05-07 20:58:14",FALSE,NA,1125867457669820416,NA,"<a href=""http://twitter.com/download/iphone"" rel=""nofollow"">Twitter for iPhone</a>","Brad_aka_BT",0,FALSE,FALSE,NA,NA
"406",406,"ULTIMA HORA: Se reportan heridos tras un tireoteo en escuela de Highlands Ranch, Colorado.",FALSE,1,NA,"2019-05-07 20:53:16",FALSE,NA,1125866210170527744,NA,"<a href=""http://twitter.com/download/iphone"" rel=""nofollow"">Twitter for iPhone</a>","adrianamaciastv",0,FALSE,FALSE,NA,NA
"424",424,"@pooroldkilgore Holy boobage!",FALSE,1,"pooroldkilgore","2019-05-07 19:42:48",FALSE,1125848152525950976,1125848477060042752,1914506792,"<a href=""http://twitter.com/download/android"" rel=""nofollow"">Twitter for Android</a>","ShaneAlanBisch1",0,FALSE,FALSE,NA,NA
"425",425,"@inihelene Tweeting while drunk is fun though. On coffee I get flushed and headachey.",FALSE,0,"inihelene","2019-05-07 19:39:56",FALSE,1125841403249090560,1125847754003976192,2737965418,"<a href=""http://twitter.com/download/android"" rel=""nofollow"">Twitter for Android</a>","ShaneAlanBisch1",0,FALSE,FALSE,NA,NA
"431",431,"@38toss @denverpost Just being a decent and respectful human being would work. I don’t have the same believes as Ge… https://t.co/KD8mB615zy",FALSE,1,"38toss","2019-05-07 19:08:39",TRUE,1125793962969653248,1125839880003567616,1049139757047902208,"<a href=""http://twitter.com/download/iphone"" rel=""nofollow"">Twitter for iPhone</a>","dfdorsey17",1,FALSE,FALSE,NA,NA
"432",432,"https://t.co/3D5ZEgoLvT https://t.co/UnwS60pL2q",FALSE,1,NA,"2019-05-07 19:00:32",FALSE,NA,1125837840196104192,NA,"<a href=""http://twitter.com/download/iphone"" rel=""nofollow"">Twitter for iPhone</a>","gordoneaton",0,FALSE,FALSE,NA,NA
"441",441,"Interesting https://t.co/QiRtL0MZ6D",FALSE,0,NA,"2019-05-07 17:44:52",FALSE,NA,1125818797741338624,NA,"<a href=""http://twitter.com/download/iphone"" rel=""nofollow"">Twitter for iPhone</a>","Stevaroni2",0,FALSE,FALSE,NA,NA
"442",442,"@lorialedelong Lol who said? <ed><U+00A0><U+00BD><ed><U+00B8><U+0082>",FALSE,0,"lorialedelong","2019-05-07 17:27:11",FALSE,1125579520990298112,1125814346666450944,2770713923,"<a href=""http://twitter.com/download/iphone"" rel=""nofollow"">Twitter for iPhone</a>","bigturk720",0,FALSE,FALSE,NA,NA
"443",443,"@Black12Susannah And your answers are ?",FALSE,0,"Black12Susannah","2019-05-07 17:12:47",FALSE,1125768553527959552,1125810722045227008,1574125616,"<a href=""http://twitter.com/download/iphone"" rel=""nofollow"">Twitter for iPhone</a>","Hoyt55Kris",0,FALSE,FALSE,NA,NA
"445",445,"i always act a fool ow ow",FALSE,0,NA,"2019-05-07 16:55:42",FALSE,NA,1125806421520424960,NA,"<a href=""http://twitter.com/download/iphone"" rel=""nofollow"">Twitter for iPhone</a>","jaquisierassss",0,FALSE,FALSE,NA,NA
"446",446,"Joe Biden is gross and problematic and should not be running for president. 
Thank you for coming to my Tedtalk.
#NoBiden",FALSE,0,NA,"2019-05-07 16:53:28",FALSE,NA,1125805861295624192,NA,"<a href=""http://twitter.com/download/android"" rel=""nofollow"">Twitter for Android</a>","_fashionpariah",0,FALSE,FALSE,NA,NA
"447",447,"@mrbromwich Thank you sir.",FALSE,4,"mrbromwich","2019-05-07 16:50:25",FALSE,1125472319646982144,1125805095566958592,22310731,"<a href=""http://twitter.com/download/iphone"" rel=""nofollow"">Twitter for iPhone</a>","holmesinco",0,FALSE,FALSE,NA,NA
"449",449,"he just came out to have a good time luv <ed><U+00A0><U+00BD><ed><U+00B8><U+0094>",FALSE,0,NA,"2019-05-07 16:33:40",FALSE,NA,1125800879662067712,NA,"<a href=""http://twitter.com/download/iphone"" rel=""nofollow"">Twitter for iPhone</a>","jaquisierassss",0,FALSE,FALSE,NA,NA
"450",450,"that’s why he goes missing and shit",FALSE,0,NA,"2019-05-07 16:33:28",FALSE,NA,1125800826390269952,NA,"<a href=""http://twitter.com/download/iphone"" rel=""nofollow"">Twitter for iPhone</a>","jaquisierassss",0,FALSE,FALSE,NA,NA
"451",451,"Y’all better not say SHIT about frank ocean’s fit",FALSE,2,NA,"2019-05-07 16:33:14",FALSE,NA,1125800768882143232,NA,"<a href=""http://twitter.com/download/iphone"" rel=""nofollow"">Twitter for iPhone</a>","jaquisierassss",0,FALSE,FALSE,NA,NA
"454",454,"@AbbyJohnson @BrianSimsPA Bet @BrianSimsPA doesn't show. A #Coward such as he rarely does. If he does, it'll likely… https://t.co/e9WFY1YlAu",FALSE,0,"AbbyJohnson","2019-05-07 15:33:18",TRUE,1125734665204183040,1125785687469330432,137472360,"<a href=""http://twitter.com/download/iphone"" rel=""nofollow"">Twitter for iPhone</a>","jasonfrat1",0,FALSE,FALSE,NA,NA
"457",457,"I found my 13 year old nieces Instagram just now and when I tell you I’m about to fly to Texas and beat her ass <ed><U+00A0><U+00BD><ed><U+00B8><U+00AB>",FALSE,4,NA,"2019-05-07 14:41:53",FALSE,NA,1125772745986285568,NA,"<a href=""http://twitter.com/download/iphone"" rel=""nofollow"">Twitter for iPhone</a>","cheyley19",0,FALSE,FALSE,NA,NA
"462",462,"i’ve been looking forward to the met for a whole year and damn i was disappointed",FALSE,1,NA,"2019-05-07 13:28:45",FALSE,NA,1125754342953213952,NA,"<a href=""http://twitter.com/download/iphone"" rel=""nofollow"">Twitter for iPhone</a>","itsgracemrich",0,FALSE,FALSE,NA,NA
"464",464,"I wasn't sure if I was going to see this or not, but...  it looks like I am. https://t.co/OUy9g1k8dN",FALSE,0,NA,"2019-05-07 12:14:56",FALSE,NA,1125735767131574272,NA,"<a href=""http://twitter.com/download/android"" rel=""nofollow"">Twitter for Android</a>","webdad3",0,FALSE,FALSE,NA,NA
"467",467,"@jack, this is unacceptable. https://t.co/hBsSMpJWz6",FALSE,0,"jack","2019-05-07 10:56:38",FALSE,NA,1125716063209975808,12,"<a href=""http://twitter.com/download/iphone"" rel=""nofollow"">Twitter for iPhone</a>","jasonfrat1",0,FALSE,FALSE,NA,NA
"475",475,"Hero’s- who can do the stupidest thing and end up on top",FALSE,0,NA,"2019-05-07 03:47:06",FALSE,NA,1125607967263313920,NA,"<a href=""http://twitter.com/download/iphone"" rel=""nofollow"">Twitter for iPhone</a>","co_hunny",0,FALSE,FALSE,NA,NA
"476",476,"The smell of rain calms me so much <U+26C8>",FALSE,0,NA,"2019-05-07 03:21:08",FALSE,NA,1125601429383729152,NA,"<a href=""http://twitter.com/download/iphone"" rel=""nofollow"">Twitter for iPhone</a>","Lalaaalo",0,FALSE,FALSE,NA,NA
"477",477,"@katcooney @realDonaldTrump I thought she was dead?",FALSE,1,"katcooney","2019-05-07 03:20:09",FALSE,1125522625269100544,1125601183752568832,55878910,"<a href=""http://twitter.com/download/iphone"" rel=""nofollow"">Twitter for iPhone</a>","Stevaroni2",0,FALSE,FALSE,NA,NA
"479",479,"@Guardiolista7 I can’t disagree with this",FALSE,1,"Guardiolista7","2019-05-07 03:02:50",FALSE,1125581785642033152,1125596827062079488,1120752459943763968,"<a href=""http://twitter.com/download/iphone"" rel=""nofollow"">Twitter for iPhone</a>","MCFCinMileHigh",0,FALSE,FALSE,NA,NA
"480",480,"@clintaskins https://t.co/DbWVMSqdPI",FALSE,0,"clintaskins","2019-05-07 02:42:37",FALSE,1125465753518596096,1125591736783331328,126104330,"<a href=""http://twitter.com/download/iphone"" rel=""nofollow"">Twitter for iPhone</a>","cdechillo",0,FALSE,FALSE,NA,NA
"481",481,"Only those who knew the condition of the then Pan American program when Chris King took it over can fully appreciat… https://t.co/psktRDE1rb",FALSE,42,NA,"2019-05-07 02:41:55",TRUE,NA,1125591561335480320,NA,"<a href=""http://twitter.com/download/iphone"" rel=""nofollow"">Twitter for iPhone</a>","WAC_Commish",7,FALSE,FALSE,NA,NA
"482",482,"Kudos to Chris King and his selection as AD at Robert Morris. Have known Chris since my first day as the WAC Commis… https://t.co/pnzJXC9hgx",FALSE,28,NA,"2019-05-07 02:28:43",TRUE,NA,1125588238134009856,NA,"<a href=""http://twitter.com/download/iphone"" rel=""nofollow"">Twitter for iPhone</a>","WAC_Commish",0,FALSE,FALSE,NA,NA
"484",484,"@karenncactus @sydneyrcota @Simply_TJ found the male version of me lol",FALSE,0,"karenncactus","2019-05-07 02:19:42",FALSE,1124695086141407232,1125585970387046400,611857912,"<a href=""http://twitter.com/download/iphone"" rel=""nofollow"">Twitter for iPhone</a>","co_hunny",0,FALSE,FALSE,NA,NA
"486",486,"@parsons_b99 Hurt my hand punching the wall in frustration then lost my mind in my office running down the hall celebrating when he scored.",FALSE,1,"parsons_b99","2019-05-07 02:03:27",FALSE,1125581079702835200,1125581881997701120,421319393,"<a href=""http://twitter.com/download/iphone"" rel=""nofollow"">Twitter for iPhone</a>","MCFCinMileHigh",0,FALSE,FALSE,NA,NA
"488",488,"@AndrewDettmer @ManCity I mean, I wouldn’t go that far. We were the favorite today",FALSE,0,"AndrewDettmer","2019-05-07 01:57:47",FALSE,1125567511003529216,1125580455632359424,435443626,"<a href=""http://twitter.com/download/iphone"" rel=""nofollow"">Twitter for iPhone</a>","MCFCinMileHigh",0,FALSE,FALSE,NA,NA
"489",489,"@parsons_b99 https://t.co/0S6lJrRntD",FALSE,0,"parsons_b99","2019-05-07 01:56:48",FALSE,1125578703344414720,1125580208420134912,421319393,"<a href=""http://twitter.com/download/iphone"" rel=""nofollow"">Twitter for iPhone</a>","MCFCinMileHigh",0,FALSE,FALSE,NA,NA
"491",491,"#USSoldier
<ed><U+00A0><U+00BC><ed><U+00B7><U+00BA><ed><U+00A0><U+00BC><ed><U+00B7><U+00B8><ed><U+00A0><U+00BD><ed><U+00B2><U+00AA><ed><U+00A0><U+00BC><ed><U+00BD><U+00BE><ed><U+00A0><U+00BE><ed><U+00B4><U+0098> https://t.co/VI878UWPRh",FALSE,0,NA,"2019-05-07 01:51:37",FALSE,NA,1125578902540210176,NA,"<a href=""http://twitter.com/download/iphone"" rel=""nofollow"">Twitter for iPhone</a>","jasonfrat1",0,FALSE,FALSE,NA,NA
"497",497,"@SaraCarterDC The Dems promised transparency years ago. Their attempts at procuring the Donald's tax returns to use… https://t.co/Rw4LmOQg3y",FALSE,0,"SaraCarterDC","2019-05-07 00:54:38",TRUE,1125541366837194752,1125564563426926592,25202268,"<a href=""http://twitter.com/download/iphone"" rel=""nofollow"">Twitter for iPhone</a>","jasonfrat1",0,FALSE,FALSE,NA,NA
"500",500,"<ed><U+00A0><U+00BD><ed><U+00B1><U+008F><ed><U+00A0><U+00BD><ed><U+00B1><U+008F><ed><U+00A0><U+00BD><ed><U+00B1><U+008F> Congrats inductees! https://t.co/vggKnmCstt",FALSE,0,NA,"2019-05-07 00:40:40",FALSE,NA,1125561049443381248,NA,"<a href=""http://twitter.com/download/iphone"" rel=""nofollow"">Twitter for iPhone</a>","BrittGusmus",0,FALSE,FALSE,NA,NA
"503",503,"@JHill_MileHigh @Chadwicks22 <ed><U+00A0><U+00BD><ed><U+00B8><U+0082><ed><U+00A0><U+00BD><ed><U+00B8><U+0082><ed><U+00A0><U+00BD><ed><U+00B8><U+0082>",FALSE,0,"JHill_MileHigh","2019-05-07 00:14:16",FALSE,1125553409967345664,1125554403602255872,312302277,"<a href=""http://twitter.com/download/iphone"" rel=""nofollow"">Twitter for iPhone</a>","MCFCinMileHigh",0,FALSE,FALSE,NA,NA
"505",505,"@ManCity If we don’t get the result Sunday...need to finish the job",FALSE,4,"ManCity","2019-05-07 00:07:37",FALSE,1125539026335825920,1125552729106067456,14573900,"<a href=""http://twitter.com/download/iphone"" rel=""nofollow"">Twitter for iPhone</a>","MCFCinMileHigh",1,FALSE,FALSE,NA,NA
"507",507,"@MCFC_Rog @Delta @ManCity Either we bottle it and I’m far far away in Alaska or we win it and I miss the biggest celebration since 93:20",FALSE,0,"MCFC_Rog","2019-05-07 00:01:22",FALSE,1125548561796665344,1125551159295533056,2759498145,"<a href=""http://twitter.com/download/iphone"" rel=""nofollow"">Twitter for iPhone</a>","MCFCinMileHigh",0,FALSE,FALSE,NA,NA
"510",510,"Dear, @Delta please please please have tv on your flight from Denver to Seattle on Sunday morning at 7am...I need t… https://t.co/7Jj0V9UUCR",FALSE,3,NA,"2019-05-06 23:41:20",TRUE,NA,1125546115095351296,NA,"<a href=""http://twitter.com/download/iphone"" rel=""nofollow"">Twitter for iPhone</a>","MCFCinMileHigh",0,FALSE,FALSE,NA,NA
"511",511,"@JHill_MileHigh @Chadwicks22 I’d love Vinny to come to #Rapids96 next season",FALSE,0,"JHill_MileHigh","2019-05-06 23:38:10",FALSE,1125541654541160448,1125545318496387072,312302277,"<a href=""http://twitter.com/download/iphone"" rel=""nofollow"">Twitter for iPhone</a>","MCFCinMileHigh",0,FALSE,FALSE,NA,NA
"517",517,"Nice comeback! https://t.co/mbJPPESoDh",FALSE,0,NA,"2019-05-06 22:51:08",FALSE,NA,1125533484355919872,NA,"<a href=""http://twitter.com/download/iphone"" rel=""nofollow"">Twitter for iPhone</a>","PrettyGrlyThngs",0,FALSE,FALSE,NA,NA
"523",523,"<ed><U+00A0><U+00BD><ed><U+00B1><U+008F><ed><U+00A0><U+00BD><ed><U+00B1><U+008F><ed><U+00A0><U+00BD><ed><U+00B1><U+008F> https://t.co/nFQ89D5qE6",FALSE,0,NA,"2019-05-06 21:50:20",FALSE,NA,1125518181861294080,NA,"<a href=""http://twitter.com/download/iphone"" rel=""nofollow"">Twitter for iPhone</a>","BrittGusmus",0,FALSE,FALSE,NA,NA
"525",525,"@Xfinity at 9:30am (MT) the #outrage was set to be resolved by 1:30pm. At 1:30pm the updates said 2:30pm. It’s now… https://t.co/XiWZxsGs2q",FALSE,0,"Xfinity","2019-05-06 21:32:59",TRUE,NA,1125513815796248576,14996251,"<a href=""http://twitter.com/download/iphone"" rel=""nofollow"">Twitter for iPhone</a>","PrettyGrlyThngs",0,FALSE,FALSE,NA,NA
"526",526,"@cujoknows Every guy likes a little crazy with their women <ed><U+00A0><U+00BE><ed><U+00B4><U+00AA>",FALSE,0,"cujoknows","2019-05-06 20:54:25",FALSE,1125490173179977728,1125504109266685952,29771650,"<a href=""http://twitter.com/download/iphone"" rel=""nofollow"">Twitter for iPhone</a>","co_hunny",0,FALSE,FALSE,NA,NA
"527",527,"@cujoknows Hell ya! <ed><U+00A0><U+00BD><ed><U+00B8><U+008E> its a problem if you can’t follow through with your word duh https://t.co/bT3Wkd4mvJ",FALSE,0,"cujoknows","2019-05-06 19:57:38",FALSE,1125489454913806336,1125489820749389824,29771650,"<a href=""http://twitter.com/download/iphone"" rel=""nofollow"">Twitter for iPhone</a>","co_hunny",0,FALSE,FALSE,NA,NA
"528",528,"@cujoknows Good Question! It sounds like a loss to me, and you don’t come off as a guy who likes losing? https://t.co/YlAs1UbUT4",FALSE,0,"cujoknows","2019-05-06 19:52:31",FALSE,1125487947459862528,1125488534045974528,29771650,"<a href=""http://twitter.com/download/iphone"" rel=""nofollow"">Twitter for iPhone</a>","co_hunny",0,FALSE,FALSE,NA,NA
"530",530,"@cujoknows What makes you think they won’t check that too?!",FALSE,0,"cujoknows","2019-05-06 19:26:44",FALSE,1125481953740746752,1125482044623020032,29771650,"<a href=""http://twitter.com/download/iphone"" rel=""nofollow"">Twitter for iPhone</a>","co_hunny",0,FALSE,FALSE,NA,NA
"531",531,"@cujoknows You won’t need luck, just a back pack you don’t care if it gets ruined and some skillz",FALSE,0,"cujoknows","2019-05-06 19:24:32",FALSE,1125481305762754560,1125481489943023616,29771650,"<a href=""http://twitter.com/download/iphone"" rel=""nofollow"">Twitter for iPhone</a>","co_hunny",0,FALSE,FALSE,NA,NA
"532",532,"@cujoknows do you like basketball <ed><U+00A0><U+00BC><ed><U+00BF><U+0080>?",FALSE,0,"cujoknows","2019-05-06 19:08:33",FALSE,NA,1125477469253816320,29771650,"<a href=""http://twitter.com/download/iphone"" rel=""nofollow"">Twitter for iPhone</a>","co_hunny",0,FALSE,FALSE,NA,NA
"533",533,"“It’s the thought that counts” <ed><U+00A0><U+00BD><ed><U+00B2><U+00AD>",FALSE,0,"co_hunny","2019-05-06 19:02:27",FALSE,1125280274101571584,1125475931600986112,1090077313004236800,"<a href=""http://twitter.com/download/iphone"" rel=""nofollow"">Twitter for iPhone</a>","co_hunny",0,FALSE,FALSE,NA,NA
"534",534,"Everytime I Question something, i’m given the answer soon after and realize that things are the way they are for a… https://t.co/T6TI9fiFwT",FALSE,0,NA,"2019-05-06 18:57:46",TRUE,NA,1125474753576296448,NA,"<a href=""http://twitter.com/download/iphone"" rel=""nofollow"">Twitter for iPhone</a>","co_hunny",0,FALSE,FALSE,NA,NA
"535",535,"Happy Birthday, @HitachiGlobal ! Thank you for giving us the day off to celebrate Founders Day. Time to recharge an… https://t.co/o2YlBGQENc",FALSE,6,NA,"2019-05-06 18:16:22",TRUE,NA,1125464337802358784,NA,"<a href=""http://twitter.com/download/iphone"" rel=""nofollow"">Twitter for iPhone</a>","KristenRBeatty",0,FALSE,FALSE,NA,NA
"539",539,"I just beat a horde of underclassmen to Chipotle because GUESS WHAT I have a car",FALSE,0,NA,"2019-05-06 17:50:05",FALSE,NA,1125457722252640256,NA,"<a href=""http://twitter.com/download/iphone"" rel=""nofollow"">Twitter for iPhone</a>","colinrmccormick",0,FALSE,FALSE,NA,NA
"541",541,"@whoissuzyq Aren’t you the best <ed><U+00A0><U+00BE><ed><U+00B5><U+00B0>",FALSE,1,"whoissuzyq","2019-05-06 17:12:01",FALSE,1125447897632260096,1125448141111582720,2454206520,"<a href=""http://twitter.com/download/iphone"" rel=""nofollow"">Twitter for iPhone</a>","meechelle_lee",0,FALSE,FALSE,NA,NA
"542",542,"55555555 <U+0E40><U+0E1E><U+0E37><U+0E48><U+0E2D><U+0E19><U+0E04><U+0E19><U+0E1B><U+0E23><U+0E30><U+0E40><U+0E17><U+0E28><U+0E2D><U+0E30><U+0E44><U+0E23><U+0E2D><U+0E48><U+0E32> <U+0E2D><U+0E48><U+0E2D> <U+0E40><U+0E1E><U+0E37><U+0E48><U+0E2D><U+0E19><U+0E43><U+0E19><U+0E08><U+0E34><U+0E19><U+0E15><U+0E19><U+0E32><U+0E01><U+0E32><U+0E23> https://t.co/FfdBjnwUFw",FALSE,0,NA,"2019-05-06 16:33:24",FALSE,NA,1125438423546912768,NA,"<a href=""http://twitter.com/download/iphone"" rel=""nofollow"">Twitter for iPhone</a>","AoMySwift",0,FALSE,FALSE,NA,NA
"544",544,"I love Chile rellenos! https://t.co/nLoeJGnzye",FALSE,1,NA,"2019-05-06 15:48:36",FALSE,NA,1125427149471567872,NA,"<a href=""http://twitter.com/download/iphone"" rel=""nofollow"">Twitter for iPhone</a>","fatmatt5858",0,FALSE,FALSE,NA,NA
"549",549,"About this time last year, I finally graduated from Shawnee State and was ready to move on with life. 
#graduation… https://t.co/wCrP0Iu0LK",FALSE,1,NA,"2019-05-06 14:32:27",TRUE,NA,1125407985440829440,NA,"<a href=""http://twitter.com/download/android"" rel=""nofollow"">Twitter for Android</a>","ShaneAlanBisch1",0,FALSE,FALSE,NA,NA
"554",554,"@Pixlriffs It might a light Stargeryan blend...hard to tell.",FALSE,0,"Pixlriffs","2019-05-06 12:10:02",FALSE,1125367415909617664,1125372147151466496,2875812399,"<a href=""http://twitter.com/download/iphone"" rel=""nofollow"">Twitter for iPhone</a>","mrbjaydubya",0,FALSE,FALSE,NA,NA
"555",555,"Tell them you miss them when they probably don’t miss you",FALSE,0,NA,"2019-05-06 06:04:58",FALSE,NA,1125280274101571584,NA,"<a href=""http://twitter.com/download/iphone"" rel=""nofollow"">Twitter for iPhone</a>","co_hunny",0,FALSE,FALSE,NA,NA
"556",556,"Dear Lord, please let me have a week to breathe , Amen <ed><U+00A0><U+00BD><ed><U+00B9><U+008F><ed><U+00A0><U+00BC><ed><U+00BF><U+00BC>",FALSE,0,NA,"2019-05-06 05:50:49",FALSE,NA,1125276710415376384,NA,"<a href=""http://twitter.com/download/iphone"" rel=""nofollow"">Twitter for iPhone</a>","co_hunny",0,FALSE,FALSE,NA,NA
"557",557,"@DailyCaller I still don't think @HillaryClinton is taking the 2016 loss very well.
<ed><U+00A0><U+00BC><ed><U+00B7><U+00BA><ed><U+00A0><U+00BC><ed><U+00B7><U+00B8><ed><U+00A0><U+00BD><ed><U+00B2><U+00AA><ed><U+00A0><U+00BC><ed><U+00BD><U+00BE> https://t.co/3XNzvvUxUY",FALSE,0,"DailyCaller","2019-05-06 04:53:17",FALSE,1125173451629764608,1125262235469631488,39308549,"<a href=""http://twitter.com/download/iphone"" rel=""nofollow"">Twitter for iPhone</a>","jasonfrat1",0,FALSE,FALSE,NA,NA
"559",559,"So happy @nbcsnl had a topic other than Teump for the show open. Funny! #SNL #GamefThrones #AvengersEndgame",FALSE,1,NA,"2019-05-06 04:29:04",FALSE,NA,1125256138662957056,NA,"<a href=""http://twitter.com/download/iphone"" rel=""nofollow"">Twitter for iPhone</a>","DavidafromVegas",0,FALSE,FALSE,NA,NA
"569",569,"@Toyota Huntin skunks and drinkin beer",FALSE,0,"Toyota","2019-05-06 02:53:58",FALSE,1124372285412892672,1125232205981085696,14219877,"<a href=""http://twitter.com/download/iphone"" rel=""nofollow"">Twitter for iPhone</a>","MCFCinMileHigh",0,FALSE,FALSE,NA,NA
"570",570,"She's outta control tonight! 

#Abbielicious #bordercollie 
barkshop @ Littleton, Colorado https://t.co/bYUQy27YIe",FALSE,0,NA,"2019-05-06 02:45:36",FALSE,NA,1125230101011017728,NA,"<a href=""http://instagram.com"" rel=""nofollow"">Instagram</a>","DDubsCareBear",0,FALSE,FALSE,-105.0156,39.6126
"572",572,"Got these adorable bunny mugs at @target a few weekends ago for .49  each! So cute! Will be great for coffee, soup,… https://t.co/5RYZGTuh8C",FALSE,2,NA,"2019-05-06 01:54:10",TRUE,NA,1125217155694387200,NA,"<a href=""http://instagram.com"" rel=""nofollow"">Instagram</a>","DDubsCareBear",0,FALSE,FALSE,-104.9663642,39.56532786
"574",574,"@GuyOnABuffaloCU @nuggets It’s huge to regain home court as well...let’s be honest though, golden state has already won the league.",FALSE,2,"GuyOnABuffaloCU","2019-05-06 01:45:35",FALSE,1125214106196123648,1125214996546211840,37779986,"<a href=""http://twitter.com/download/iphone"" rel=""nofollow"">Twitter for iPhone</a>","MCFCinMileHigh",0,FALSE,FALSE,NA,NA
"575",575,"@GuyOnABuffaloCU @nuggets Not as mentally tough as Vinny, Kun, and Silva but still pretty tough",FALSE,1,"GuyOnABuffaloCU","2019-05-06 01:41:21",FALSE,1125213677353783296,1125213931998306304,37779986,"<a href=""http://twitter.com/download/iphone"" rel=""nofollow"">Twitter for iPhone</a>","MCFCinMileHigh",0,FALSE,FALSE,NA,NA
"576",576,"Big win for the Nuggets back to the 5280 #MileHighBasketball",FALSE,1,NA,"2019-05-06 01:40:33",FALSE,NA,1125213731498029056,NA,"<a href=""http://twitter.com/download/iphone"" rel=""nofollow"">Twitter for iPhone</a>","MCFCinMileHigh",0,FALSE,FALSE,NA,NA
"589",589,"@Lorie_Acosta @DenverChannel @lancehernandez7 It’s not that simple, many are addicted to drugs and or have major me… https://t.co/RmcAyvFBqh",FALSE,1,"Lorie_Acosta","2019-05-06 00:05:04",TRUE,1124067481537122304,1125189700782678016,117501536,"<a href=""http://twitter.com/download/iphone"" rel=""nofollow"">Twitter for iPhone</a>","MCFCinMileHigh",0,FALSE,FALSE,NA,NA
"590",590,"Bringing this beautiful Sunday home... #columbinecountryclub #golftime #husbandsdorkyhat <ed><U+00A0><U+00BE><ed><U+00B4><U+00AA> https://t.co/Vls6FH22Na",FALSE,5,NA,"2019-05-06 00:04:35",FALSE,NA,1125189580590915584,NA,"<a href=""http://twitter.com/download/iphone"" rel=""nofollow"">Twitter for iPhone</a>","Kelli_Downard",0,FALSE,FALSE,NA,NA
"592",592,"@DenverChannel @lancehernandez7 Naw, pooping in the street and camping in our public parks is a much better option… https://t.co/IjVc1bxjcB",FALSE,0,"DenverChannel","2019-05-06 00:03:08",TRUE,1124065022882115584,1125189213085782016,8731312,"<a href=""http://twitter.com/download/iphone"" rel=""nofollow"">Twitter for iPhone</a>","MCFCinMileHigh",0,FALSE,FALSE,NA,NA
